c,gen,n_repeats,mean_p_mean,mean_p_sem,mean_q_mean,mean_q_sem,mean_w_mean,mean_w_sem,mean_payoff_mean,mean_payoff_sem,sample_success_rate_mean,sample_success_rate_sem,mean_proposer_payoff_mean,mean_proposer_payoff_sem,mean_responder_payoff_mean,mean_responder_payoff_sem,mean_R_mean,mean_R_sem,role_payoff_gap_mean,role_payoff_gap_sem
0.0,0,20,0.48128624999999997,0.0009137482316924358,0.4570995,0.0007561855331374137,0.48544725,0.0005945910929060058,1.0052699999999999,0.0024880461579742694,0.5026349999999999,0.0012440230789871347,0.16699835000000002,0.0005857019912037174,0.33563665,0.0010248870060311924,-0.15863705,0.001195649439195021,-0.1686383,0.0011132326684977082
0.0,9,20,0.43739325000000007,0.0010018455361429097,0.24980970000000005,0.001071390771258014,0.45561795,0.0012128284633233872,1.7026949999999998,0.0024785020412380204,0.8513474999999999,0.0012392510206190102,0.44784525,0.00124044159130826,0.40350224999999995,0.001043397637969846,0.04175405,0.0019152535221973808,0.04434300000000001,0.0019284721550055063
0.0,99,20,0.31617449999999997,0.00199558944002966,0.22387619999999994,0.002414974345074585,0.9949811000000001,0.00019903741912144515,1.905345,0.0015617209636875115,0.9526725,0.0007808604818437557,0.64938985,0.0019500928200243532,0.30328265,0.0019416090739858545,0.32447630000000005,0.0037019785052263463,0.34610719999999995,0.00381256770611149
0.0,999,20,0.33687294999999995,0.0011826336009428055,0.26713945000000006,0.0016756676226052022,0.9965719999999999,5.461997899361424e-05,1.9425299999999996,0.0011425986079754151,0.9712649999999998,0.0005712993039877076,0.6433748499999999,0.0013559790117825324,0.32789015,0.0010947311140063953,0.2956041,0.002316543371968358,0.31548469999999995,0.002397466931993013
0.0,9999,20,0.33826249999999997,0.0009922841552382265,0.269929,0.0010807518386947593,0.9965115500000001,3.67595655291907e-05,1.9409399999999999,0.0011507297455825311,0.9704699999999999,0.0005753648727912656,0.64144155,0.0009866827236943224,0.3290284500000001,0.0010074147514541204,0.29325945,0.001802065185857311,0.3124131,0.0019094003824568389
0.0,49999,20,0.33883214999999994,0.0010339539368620974,0.2701423,0.001244384479212618,0.9965467,5.3143702899728334e-05,1.9445950000000007,0.001533734262991376,0.9722975000000004,0.000766867131495688,0.6421298,0.0010560566088295797,0.3301677,0.001078834176077904,0.2922196,0.002011745585829695,0.31196209999999996,0.0019925341361402634
0.0,99999,20,0.33723344999999993,0.0009397812440725378,0.2686003,0.001130591945794208,0.9965607499999999,4.10837318937283e-05,1.9427149999999997,0.0013163201298356441,0.9713574999999999,0.0006581600649178221,0.64308795,0.0009441507614754834,0.32826955,0.0009878509515610131,0.29549085,0.001773840837628009,0.3148184,0.0018169660576732951
0.05,0,20,0.4807974,0.000753263584956191,0.4579542,0.0010298370095873392,0.480961,0.0007253573420626625,0.89968,0.0017347015517616279,0.49984,0.0008673507758808129,0.11695765,0.000309418259548633,0.33288235,0.0007421611588178773,-0.20236145,0.0007826817175078594,-0.21592470000000002,0.0007353831121116042
0.05,9,20,0.43602255,0.001329516323755214,0.24731869999999997,0.001441397071009854,0.41603005,0.0012371685999108051,1.60462,0.0028213621197085443,0.8523099999999999,0.001410681059854276,0.39945379999999997,0.0016223426330302026,0.4028562000000001,0.00115247577346383,-0.0027011873499999998,0.0023023531049765136,-0.003402400000000011,0.002435235307337931
0.05,99,20,0.3077236,0.0020071170348484775,0.21905994999999998,0.0027669944424601324,0.9915974999999999,0.0005199367547571235,1.8069549999999999,0.001588403286322467,0.9534775,0.000794201643161232,0.60829315,0.0019750865287840465,0.29518435000000004,0.0019439977275206022,0.29263300000000003,0.0036307143135085413,0.3131088000000001,0.003837894171492872
0.05,999,20,0.32990810000000004,0.0009864638145256112,0.26347975,0.0013596256080550082,0.9961171000000002,5.4736925860258373e-05,1.842125,0.0010440527058686209,0.9710625,0.0005220263529343058,0.60003215,0.0010557807045898386,0.32103034999999996,0.0009594306844631731,0.26150965,0.0017758887875252481,0.27900179999999997,0.0019488070083488213
0.05,9999,20,0.33116665,0.0007406490086936902,0.26352450000000005,0.0012089673638449076,0.9960948500000001,5.304249909766831e-05,1.8421899999999998,0.0010667930297958699,0.971095,0.000533396514897937,0.5987848,0.0008934836245664592,0.3223102,0.0007054255438348803,0.25919735,0.001456270346638975,0.2764746,0.0015190011614284727
0.05,49999,20,0.33267955,0.0013031830817675876,0.2661208,0.0020661651607698137,0.9959985999999998,6.364504363222087e-05,1.8418299999999999,0.0013928218233424322,0.970915,0.0006964109116712193,0.5972393000000001,0.0014228840266015683,0.32367569999999996,0.0012571964237519681,0.25626709999999997,0.0024482854547406723,0.2735636,0.00259331745920366
0.05,99999,20,0.3301923,0.0012018668156794996,0.26285265,0.001599369659181556,0.9961589499999999,4.95382082734863e-05,1.84397,0.0009525892691971058,0.9719849999999999,0.0004762946345985555,0.6003862000000001,0.0011163328252999215,0.32159879999999996,0.0012045718732789407,0.26166405000000004,0.002135294841560466,0.27878739999999996,0.002273219780515363
0.1,0,20,0.47961489999999996,0.0006039508340916511,0.45932410000000007,0.0008763322696569511,0.47623655,0.00090173751424972,0.7969299999999999,0.0020509959069989177,0.49846499999999994,0.001025497953499458,0.06699675000000001,0.00046713566954703623,0.33146820000000005,0.0008254155973938537,-0.24735900000000002,0.0010327121497351165,-0.26447144999999994,0.0008645258920204088
0.1,9,20,0.43404310000000007,0.0016473202959256033,0.24794725,0.00127137833591198,0.37849685000000005,0.0018547290528112465,1.4891850000000002,0.0025169559204052784,0.8445924999999999,0.0012584779602026347,0.3453126,0.0017870556192563763,0.3992799000000001,0.0016698290597984482,-0.05064523,0.00298065604432719,-0.053967299999999996,0.003221804924915618
0.1,99,20,0.31084490000000004,0.001468811631898386,0.22866865,0.0019322459406430593,0.9772179,0.0018305694007746984,1.700545,0.0017652713374257385,0.9502725000000002,0.0008826356687128675,0.5530844500000002,0.0015251807873425858,0.29718805,0.0014225111459650263,0.24017740000000004,0.0025543923331350165,0.2558964,0.002814317513228235
0.1,999,20,0.3223547,0.0009279624031063692,0.25661534999999996,0.0014275686844477185,0.9954885499999999,9.833673284340798e-05,1.7411349999999999,0.0011948854822908673,0.9705674999999999,0.0005974427411454338,0.5571039999999999,0.0011646911133316384,0.3134635,0.0008224167259076351,0.2281395,0.0018173557127987097,0.2436405,0.0019258274824358694
0.1,9999,20,0.3249609,0.0010378543121064218,0.25986545000000005,0.0015703162109906394,0.9954314500000001,8.698101653143243e-05,1.744635,0.001139881688228169,0.9723175,0.0005699408441140825,0.55570225,0.00114485193451978,0.31661525,0.0009952204354471317,0.22435139999999998,0.0018421154249794898,0.239087,0.00206820375408736
0.1,49999,20,0.3254789,0.000990117153886879,0.26173645,0.001594012597313691,0.99523935,7.341616324976476e-05,1.74007,0.0009594707971201184,0.970035,0.0004797353985600602,0.5536279000000001,0.0010623403109718608,0.3164071,0.0009399078843443278,0.22241945,0.001854122925685519,0.2372208,0.0019477786019220101
0.1,99999,20,0.3235414000000001,0.0010928906296702571,0.2585531,0.0013792084016794415,0.9954038000000001,0.0001003088808578154,1.7415600000000002,0.0013703706759390628,0.9707799999999999,0.0006851853379695297,0.5560725500000001,0.001398955231357353,0.31470745,0.0009329495402245853,0.22615259999999995,0.0021167491415897757,0.24136509999999997,0.0022771610001329112
0.15,0,20,0.4817207,0.0008378844321139702,0.45964130000000003,0.0009880512481381565,0.4717498,0.0006891646377279808,0.70148,0.0024049575989259285,0.5007400000000001,0.001202478799462965,0.017249475000000007,0.00039767419241033293,0.3334905,0.0009921042933821876,-0.29657835,0.000913326416760533,-0.31624102500000006,0.0009158837043468764
0.15,9,20,0.44194089999999997,0.0014187145180353257,0.25222045,0.0014109565278748425,0.33522130000000006,0.00121340702178878,1.38622,0.002500374708760774,0.8431099999999999,0.0012501873543803894,0.28785710000000003,0.001320352337147371,0.40525289999999997,0.0013185055852824629,-0.110162965,0.0021731454111649103,-0.11739579999999998,0.0023239204212301516
0.15,99,20,0.29653035,0.0016846474366044356,0.2133935,0.002341528521803878,0.9577753000000001,0.00273565447196827,1.604505,0.0019021521744426342,0.9522525,0.0009510760872213179,0.518235,0.0019967207563771584,0.28401750000000003,0.0015716767872829991,0.2196644,0.003243162010819234,0.23421750000000002,0.0034654837586661625
0.15,999,20,0.3165876,0.0008015547536867908,0.25359729999999997,0.0007598944909449082,0.9942572000000001,0.00011417317410061895,1.6376950000000001,0.0011724799403513514,0.9688475000000002,0.0005862399701756782,0.5115219999999999,0.0009620711730975326,0.3073255,0.0007479924587995884,0.1915266,0.0015939227287617046,0.20419649999999998,0.0016206387686406414
0.15,9999,20,0.31717785,0.0009588559857702137,0.2550137,0.001374834880229164,0.99411185,0.00010303840048100473,1.63947,0.0008717828073309846,0.969735,0.00043589140366549534,0.5115185999999999,0.0009794571305199202,0.30821639999999995,0.0009594033546127012,0.19054279999999998,0.0016653206275764373,0.2033022,0.0018893334324431377
0.15,49999,20,0.31667520000000005,0.000800183826248366,0.25349289999999997,0.0012495580922027882,0.9942183,0.00014429108189971054,1.6382350000000003,0.0013177987027815099,0.9691175,0.0006588993513907557,0.5116556999999999,0.0009199218819809497,0.30746179999999995,0.0008060833625428707,0.1917543,0.0015487666707823728,0.20419389999999998,0.0015993451651749315
0.15,99999,20,0.31733335,0.0011630777483968074,0.25566275000000005,0.0015252258018767359,0.9943432999999999,0.00013544645669628794,1.641255,0.001228102408724859,0.9706275000000002,0.0006140512043624293,0.51196955,0.0012782752184404358,0.30865794999999996,0.001102845891498325,0.19079954999999998,0.0022218341148877315,0.2033116,0.0023072612135101684
0.2,0,20,0.48113314999999995,0.000647355268421159,0.46131599999999995,0.0008689142408170902,0.46741504999999994,0.0005289524427682781,0.60053,0.0018330891384419046,0.500265,0.0009165445692209503,-0.03277775,0.0005392126691321628,0.33304279999999997,0.0006990468947450019,-0.34277545000000004,0.0008257901271382139,-0.36582054999999997,0.0008478215970635366
0.2,9,20,0.44180105000000003,0.0012355092674150292,0.25327975,0.0012523445357345586,0.29873145,0.0010302416284669906,1.2698799999999997,0.002267546784754969,0.8349399999999999,0.0011337733923774903,0.23143815,0.001389447662458189,0.40350185000000005,0.0010429580484952654,-0.16138335,0.0021046727640069442,-0.17206369999999999,0.002179727159531669
0.2,99,20,0.29217985,0.001969772514617388,0.21624935,0.0026724581600535563,0.9214743500000002,0.005225664676572129,1.5027499999999998,0.0020457980041255833,0.9513749999999999,0.0010228990020627895,0.47179479999999996,0.002352814958613126,0.2795802,0.001822593241568324,0.1805385,0.0038799705713072783,0.19221459999999999,0.004082749850155821
0.2,999,20,0.30810529999999997,0.0011282885178329522,0.24868180000000004,0.0016539108971735676,0.9924603999999999,0.00024679800391583793,1.5372150000000002,0.0015369017877740754,0.9686075000000001,0.0007684508938870404,0.46951715,0.001231226919687496,0.29909035,0.0011184591333733712,0.1596982,0.00218447936540832,0.1704268,0.0022233363095274534
0.2,9999,20,0.30939705,0.0012079236414412262,0.24972670000000002,0.0017350127515078206,0.99230105,0.00027282243574781005,1.539475,0.0016806620719228527,0.9697375000000001,0.0008403310359614221,0.46907395,0.0014506323838334475,0.30066354999999995,0.0011414824605587065,0.15737575,0.002383335105615216,0.16841040000000002,0.002471533287572501
0.2,49999,20,0.30750475,0.0005921354924739494,0.24868939999999995,0.0009146050755438255,0.99257975,0.0001442550350302483,1.5373400000000002,0.0012292573710214352,0.9686700000000001,0.0006146286855107155,0.4701948000000001,0.000758724218672371,0.2984752,0.0005595432046721138,0.16132625,0.001147462016055204,0.1717196,0.0011831033998500912
0.2,99999,20,0.30778835000000004,0.0010880810420547484,0.24669745000000004,0.0015875287373694005,0.9925243,0.0002556238406227762,1.536985,0.0013866520642787147,0.9684925,0.0006933260321393581,0.4698198500000001,0.001176852922606461,0.29867265,0.0010588285291202463,0.16022319999999995,0.0019323058200257177,0.17114719999999997,0.0021287320931039026
0.25,0,20,0.48219800000000007,0.0008124060561074121,0.46214640000000007,0.0011439851176801568,0.4623187000000001,0.000730466419488261,0.49982000000000015,0.0026514305969657813,0.49990999999999997,0.0013257152984828898,-0.083134025,0.0005772922444196744,0.33304399999999995,0.0011227709191291453,-0.3905294,0.0011267322042082593,-0.41617802500000006,0.0011959337920390033
0.25,9,20,0.44505160000000005,0.0017570977227713948,0.25638835000000004,0.001253697114170305,0.26220115,0.0015570303723417658,1.1598149999999998,0.002915451350811287,0.8299074999999998,0.0014577256754056435,0.17498385,0.001985421966650388,0.4049236499999999,0.0017985823193121021,-0.21570070000000002,0.0033124092059850846,-0.2299398,0.0034969462885871072
0.25,99,20,0.28470340000000005,0.0016875108489319863,0.2099624,0.0026020652297742267,0.8448775,0.007530245552891494,1.39772,0.0020378342476886206,0.9488600000000001,0.0010189171238443103,0.42719759999999996,0.002138957798850449,0.2716624,0.0015087482758896517,0.14545349999999996,0.0032824795357521384,0.1555352,0.0035587542125388684
0.25,999,20,0.2972331,0.0009810096917274348,0.24011770000000002,0.0012424429672391827,0.98975755,0.000391937363920364,1.4384649999999999,0.0008791226188350361,0.9692324999999998,0.00043956130941751796,0.43057835000000005,0.0010608722361563467,0.28865415,0.000950538618155655,0.13302985,0.0018680103012718896,0.1419242,0.001965892415003532
0.25,9999,20,0.2987832,0.000946422609508815,0.24205645000000003,0.0013108933704980695,0.9889799499999998,0.00041205234385809276,1.432465,0.001705938158316411,0.9662325,0.0008529690791582055,0.42694235,0.0013088274589252934,0.28929014999999997,0.0008397336209054313,0.12936474999999997,0.001861086046647579,0.13765219999999997,0.002027019361681475
0.25,49999,20,0.29926545,0.00066924389179919,0.2423053,0.0008672333599016557,0.9888162000000001,0.00038142992458434693,1.432635,0.0012468966740630408,0.9663174999999999,0.0006234483370315205,0.4265329500000001,0.0008516612851393813,0.28978455000000003,0.0006355511055478989,0.12821979999999997,0.0012793405324208003,0.13674840000000002,0.001367412328374097
0.25,99999,20,0.29910165000000005,0.0011650280621761403,0.2416438,0.0016355614287969814,0.9884266500000001,0.00047983408467488754,1.434605,0.0012753425752363684,0.9673025000000001,0.0006376712876181842,0.42737905000000004,0.0013220873457787956,0.28992344999999997,0.0010992608293399046,0.1287364,0.002172877947743378,0.1374556,0.0023464769273373047
0.3,0,20,0.4821611999999999,0.0009052405920382073,0.4647599499999999,0.0008587859223314823,0.45839345,0.0008394849406975063,0.3983,0.002142968919390499,0.4991499999999999,0.0010714844596952514,-0.13319335000000002,0.000404105244726902,0.33234335000000004,0.0009851686985513004,-0.43615585,0.0010347761982161838,-0.4655367000000001,0.0010581294247272806
0.3,9,20,0.44936585000000007,0.0014543816198591807,0.26013705000000004,0.0014319988651770687,0.22749380000000002,0.0010329564585514516,1.04459,0.0026625363847279167,0.8222950000000001,0.0013312681923639573,0.11581059999999999,0.001680824157808807,0.40648439999999997,0.0013096615902791946,-0.27320835,0.002653704141359474,-0.2906738,0.002703422212872532
0.3,99,20,0.27599735,0.001542029782078086,0.20405305,0.0022045763663642005,0.7474385,0.008525276474757438,1.295435,0.0016642411736916439,0.9477174999999999,0.0008321205868458224,0.38456955,0.0019031126560052538,0.26314794999999996,0.0014021538103086834,0.11402974500000003,0.003089026454279005,0.12142160000000002,0.00323779577913253
0.3,999,20,0.28738089999999994,0.0008879151657556854,0.23318735,0.0012224529401662265,0.9817469999999998,0.0009643277805917723,1.32991,0.0014123496659635586,0.964955,0.0007061748329817757,0.38702305000000004,0.0010141910815366208,0.27793195000000004,0.0009022615721647802,0.10211292999999999,0.0017305843078521802,0.1090911,0.0017851151487258523
0.3,9999,20,0.28714049999999997,0.0007566250948855218,0.23333595000000001,0.001057660744222088,0.9828733000000002,0.0006098678549704962,1.331105,0.0014070400996792,0.9655525,0.0007035200498396022,0.38767925000000003,0.0009095401668599248,0.27787324999999996,0.0007387282096706187,0.10300068500000001,0.0014013737531864,0.10980600000000003,0.0015003415961917343
0.3,49999,20,0.28579990000000005,0.0007210572752635715,0.23109815,0.0010929145107295257,0.9827680500000001,0.0011954507726662867,1.3314150000000002,0.0011985138824042799,0.9657074999999999,0.0005992569412021413,0.3891608,0.0008951476961344071,0.27654670000000003,0.0006883324361321185,0.10524843499999999,0.0013720919155430819,0.11261410000000001,0.001480227347225311
0.3,99999,20,0.28756214999999996,0.0007517087491526432,0.23299555000000005,0.0011782720588239639,0.9806049,0.0014556113906281133,1.331295,0.0010964890140328434,0.9656474999999999,0.0005482445070164266,0.3872972,0.0009616745389929836,0.2783503,0.000690636365969821,0.102384375,0.001518170380041557,0.1089469,0.0015820938589164208
0.35,0,20,0.48279740000000004,0.0007902324088519785,0.46509,0.0007890611276434138,0.45343314999999995,0.0007862240717003339,0.299275,0.0017234890407786792,0.49963750000000007,0.0008617445203893408,-0.1833804,0.0004168718116740702,0.33301790000000003,0.0007932769739305549,-0.48406779999999994,0.0010704260750305293,-0.5163983,0.000929267082733819
0.35,9,20,0.4524838000000001,0.0013559468659051096,0.2631006,0.0015657124650324196,0.1966545,0.0010698738329452933,0.93617,0.002294823694638367,0.818085,0.0011474118473191817,0.0598681,0.0018120728118140807,0.4082169499999999,0.0013022726662403848,-0.32584755000000004,0.002851314261579995,-0.34834885000000004,0.002939813822322944
0.35,99,20,0.27042219999999995,0.0018363909407771591,0.20217685,0.0025152545641544907,0.6120167500000001,0.009524240930901972,1.1889799999999997,0.001610910170973961,0.94449,0.0008054550854869825,0.33739215000000006,0.002138324642127939,0.25709785000000007,0.0017025600727866754,0.07533312,0.0035722504588814805,0.0802943,0.003780678280205954
0.35,999,20,0.27661789999999997,0.001071554797331527,0.22551620000000003,0.001321510932706634,0.9558083999999999,0.0033955289545301508,1.22438,0.001359578107936045,0.96219,0.0006797890539680202,0.34548334999999997,0.0012349124308928497,0.26670665,0.001024798787118207,0.0736142,0.002027279926611543,0.07877669999999999,0.0021652550367590724
0.35,9999,20,0.2777891500000001,0.0007484891106861799,0.22697154999999997,0.0011296062086897927,0.9482562000000001,0.0031913919423150906,1.2239449999999998,0.0012685149834187615,0.9619724999999999,0.0006342574917093789,0.34420009999999995,0.0010539014931996357,0.2677724,0.0006453043769783126,0.071308195,0.0015364544802799619,0.07642770000000002,0.0016284869133161945
0.35,49999,20,0.2748338,0.0008353994619657306,0.22246364999999999,0.001178192827295038,0.9611074000000001,0.0031149890279438463,1.225795,0.001272057492080405,0.9628975000000001,0.0006360287460402008,0.3476933,0.0011650785067290994,0.2652042,0.0007178620619589821,0.07746794500000001,0.0017072149773130045,0.08248910000000001,0.0018278225208960366
0.35,99999,20,0.27722369999999996,0.0006329566755773218,0.225542,0.0007708502516872625,0.9510855499999998,0.0037536783892427998,1.2243600000000001,0.0014285878194548413,0.96218,0.0007142939097274222,0.34479610000000005,0.0009057767556371888,0.26738389999999995,0.0005760370551860074,0.072375565,0.0012941963663190455,0.07741219999999999,0.0013395091080415677
0.4,0,20,0.48453054999999984,0.0008320492314476552,0.4656428,0.0007315715333588735,0.4484740499999999,0.0005472074631829855,0.200415,0.002073419182235748,0.5002074999999999,0.0010367095911178734,-0.23281559999999998,0.0005672971160641804,0.33302310000000007,0.0007812324638874018,-0.5302318,0.0009172732864884201,-0.5658386999999999,0.0008885570239083358
0.4,9,20,0.45639709999999994,0.001255244698098846,0.26951335,0.0012300933218234856,0.1667339,0.0008735957420490988,0.81638,0.002772824894351759,0.80819,0.0013864124471758773,-0.00029879239999999995,0.0011122859537313835,0.4084886999999999,0.0013418436807930375,-0.38359519999999997,0.001842431182175506,-0.4087874924,0.0020379819144971845
0.4,99,20,0.26384265,0.0014769399201603162,0.19766204999999998,0.0016521123981691477,0.47512735,0.01128979928106388,1.0837049999999997,0.0016622982663516749,0.9418525000000001,0.0008311491331758371,0.29166149999999996,0.001610213026933165,0.25019099999999994,0.001418533714791439,0.03931246,0.002637699759353732,0.0414705,0.002918773527122579
0.4,999,20,0.2708887,0.0009083547159562728,0.2231994,0.001246473339592865,0.7867794499999999,0.013183472460957158,1.11675,0.0010365047540957784,0.958375,0.00051825237704789,0.29805965,0.0011397347019903598,0.26031535,0.0008112312321241603,0.035760234999999994,0.0017166678766585325,0.037744299999999995,0.0019093446727800837
0.4,9999,20,0.26816585000000004,0.0008403742408030248,0.22038205,0.0012179153381582206,0.8578705,0.009566157739794572,1.115835,0.0012854299915428702,0.9579175,0.0006427149957714348,0.3003466999999999,0.0010962997743606253,0.2575708,0.000762589389410909,0.04008855,0.0017451998323295694,0.0427759,0.00177587977589167
0.4,49999,20,0.2690147,0.0008837524007262857,0.22068680000000002,0.0009671740593360801,0.8329769499999999,0.011453874904538454,1.1137800000000002,0.0015644504668278578,0.9568899999999999,0.0007822252334139284,0.29876595000000006,0.0010513593368261765,0.25812405,0.0008945948405930968,0.038278414999999996,0.0016315590153572195,0.040641899999999995,0.0017886968586390654
0.4,99999,20,0.27008235,0.0008061407323753942,0.22220310000000004,0.0009950666994306412,0.8233729500000001,0.01145150217415188,1.1162699999999999,0.0018871602168895306,0.9581350000000001,0.0009435801084447651,0.2986441,0.001132176332044662,0.2594909,0.0007823715192991929,0.036804130000000004,0.0015848258115990306,0.0391532,0.0017022084070561498
