c,n_repeats,mean_p_mean,mean_p_std,mean_p_sem,mean_q_mean,mean_q_std,mean_q_sem,mean_w_mean,mean_w_std,mean_w_sem,mean_payoff_mean,mean_payoff_std,mean_payoff_sem,sample_success_rate_mean,sample_success_rate_std,sample_success_rate_sem,mean_proposer_payoff_mean,mean_proposer_payoff_std,mean_proposer_payoff_sem,mean_responder_payoff_mean,mean_responder_payoff_std,mean_responder_payoff_sem,mean_R_mean,mean_R_std,mean_R_sem,role_payoff_gap_mean,role_payoff_gap_std,role_payoff_gap_sem,mean_R_minus_role_gap_mean,mean_R_minus_role_gap_std,mean_R_minus_role_gap_sem
0.0,20,0.33723345000000005,0.004202829491451033,0.000939781244072538,0.2686003,0.005056160891219213,0.001130591945794208,0.9965607500000002,0.0001837320345675053,4.10837318937283e-05,1.9427150000000002,0.005886762580927699,0.0013163201298356441,0.9713575000000001,0.0029433812904638497,0.0006581600649178221,0.6430879500000001,0.004222370567334741,0.0009441507614754834,0.3282695500000001,0.004417803758656555,0.0009878509515610131,0.29549085,0.00793285738840279,0.001773840837628009,0.31481839999999994,0.008125719235534583,0.0018169660576732951,-0.019327550000000002,0.0011496523719436973,0.00025707008541599793
0.05,20,0.33019230000000005,0.005374911799521143,0.0012018668156794996,0.26285265,0.00715259855816126,0.001599369659181556,0.9961589500000001,0.0002215416023661157,4.953820827348629e-05,1.84397,0.00426010872112315,0.0009525892691971058,0.9719849999999999,0.002130054360561587,0.0004762946345985555,0.6003861999999999,0.0049923921657700435,0.0011163328252999215,0.3215988,0.0053870091848719475,0.0012045718732789407,0.26166405,0.00954932883546769,0.002135294841560466,0.2787874,0.010166147914059008,0.002273219780515363,-0.01712335,0.0016339641584357308,0.00036536549310605304
0.1,20,0.32354140000000003,0.004887555479830486,0.001092890629670257,0.2585531,0.006168007482588133,0.0013792084016794415,0.9954037999999998,0.0004485949526900054,0.00010030888085781542,1.7415600000000002,0.00612848397154416,0.0013703706759390628,0.9707800000000001,0.0030642419857720726,0.0006851853379695297,0.55607255,0.006256317989587974,0.001398955231357353,0.31470744999999994,0.004172277183038696,0.0009329495402245855,0.22615259999999998,0.009466389943818132,0.0021167491415897757,0.24136510000000003,0.010183773584017194,0.0022771610001329112,-0.015212499999999995,0.0012431039038589904,0.00027796648321240654
0.15,20,0.31733334999999996,0.005201441817065317,0.0011630777483968074,0.25566275000000005,0.006821017148066016,0.0015252258018767359,0.9943432999999999,0.0006057349689687629,0.00013544645669628794,1.641255,0.005492240938480031,0.001228102408724859,0.9706275000000002,0.002746120469240015,0.0006140512043624293,0.51196955,0.005716620564772416,0.001278275218440436,0.30865795,0.004932076764193225,0.0011028458914983251,0.19079955,0.00993634423123409,0.0022218341148877315,0.2033116,0.010318385830514787,0.0023072612135101684,-0.012512050000000002,0.0010275592171436398,0.00022976922604396458
0.2,20,0.30778835,0.004866046350126449,0.0010880810420547482,0.24669745,0.0070996443459847795,0.0015875287373694003,0.9925243,0.0011431845686041995,0.0002556238406227762,1.5369849999999998,0.006201296553735228,0.0013866520642787147,0.9684925,0.0031006482768676175,0.0006933260321393581,0.46981985000000004,0.005263046268934692,0.001176852922606461,0.29867265,0.004735225135257972,0.0010588285291202463,0.1602232,0.008641534333791959,0.0019323058200257177,0.1711472,0.009519979332131473,0.002128732093103902,-0.010923999999999994,0.0016541880183340704,0.00036988768565606497
0.25,20,0.29910165,0.005210163885441404,0.0011650280621761406,0.2416438,0.007314453072333465,0.0016355614287969814,0.9884266499999999,0.002145883262508878,0.00047983408467488765,1.434605,0.00570350538565632,0.0012753425752363684,0.9673025000000001,0.00285175269282816,0.0006376712876181842,0.42737905000000004,0.005912554354707314,0.0013220873457787958,0.28992344999999997,0.0049160438788136435,0.0010992608293399044,0.1287364,0.009717405595928857,0.002172877947743378,0.1374556,0.010493763834322097,0.0023464769273373047,-0.008719200000000014,0.001220732851502269,0.000272964163832623
0.3,20,0.28756215,0.0033617437247732956,0.0007517087491526433,0.23299554999999997,0.005269392839038029,0.0011782720588239639,0.9806049000000001,0.006509692036534924,0.0014556113906281133,1.331295,0.004903647943918318,0.0010964890140328434,0.9656474999999999,0.002451823971959181,0.0005482445070164266,0.3872972,0.004300739282838167,0.0009616745389929836,0.27835029999999994,0.003088619724083884,0.0006906363659698209,0.10238437500000001,0.006789464342399223,0.001518170380041557,0.1089469,0.007075338830644158,0.001582093858916421,-0.006562525000000001,0.001150241328854629,0.00025720178018486407
0.35,20,0.2772237,0.0028306683068063452,0.0006329566755773218,0.22554199999999996,0.003447347126491082,0.0007708502516872625,0.95108555,0.016786960088037633,0.0037536783892427998,1.22436,0.006388838952258444,0.0014285878194548413,0.96218,0.0031944194761292285,0.0007142939097274222,0.3447961,0.00405075679608794,0.0009057767556371888,0.2673839,0.0025761160259094207,0.0005760370551860074,0.072375565,0.005787822102645211,0.0012941963663190455,0.0774122,0.0059904668441221115,0.0013395091080415677,-0.005036634999999998,0.0010010450030763817,0.00022384046754152755
0.4,20,0.27008234999999997,0.0036051709540456936,0.0008061407323753941,0.2222031,0.00445007356414653,0.0009950666994306412,0.8233729500000001,0.05121267461178048,0.01145150217415188,1.11627,0.008439637058796474,0.0018871602168895306,0.9581350000000002,0.004219818529398236,0.0009435801084447651,0.2986441,0.005063246481936476,0.001132176332044662,0.25949089999999997,0.0034988718016255678,0.0007823715192991929,0.036804130000000004,0.007087556494463415,0.0015848258115990306,0.0391532,0.007612507420098368,0.0017022084070561498,-0.002349069999999999,0.0008528025507886228,0.00019069244749485772
