c,n_repeats,mean_p_mean,mean_q_mean,mean_w_mean,mean_payoff_mean,sample_success_rate_mean,mean_proposer_payoff_mean,mean_responder_payoff_mean,role_payoff_gap_mean,mean_R_mean,mean_R_minus_role_gap_mean
0.0,20,0.33723345000000005,0.2686003,0.9965607500000002,1.9427150000000002,0.9713575000000001,0.6430879500000001,0.3282695500000001,0.31481839999999994,0.29549085,-0.019327550000000002
0.05,20,0.33019230000000005,0.26285265,0.9961589500000001,1.84397,0.9719849999999999,0.6003861999999999,0.3215988,0.2787874,0.26166405,-0.01712335
0.1,20,0.32354140000000003,0.2585531,0.9954037999999998,1.7415600000000002,0.9707800000000001,0.55607255,0.31470744999999994,0.24136510000000003,0.22615259999999998,-0.015212499999999995
0.15,20,0.31733334999999996,0.25566275000000005,0.9943432999999999,1.641255,0.9706275000000002,0.51196955,0.30865795,0.2033116,0.19079955,-0.012512050000000002
0.2,20,0.30778835,0.24669745,0.9925243,1.5369849999999998,0.9684925,0.46981985000000004,0.29867265,0.1711472,0.1602232,-0.010923999999999994
0.25,20,0.29910165,0.2416438,0.9884266499999999,1.434605,0.9673025000000001,0.42737905000000004,0.28992344999999997,0.1374556,0.1287364,-0.008719200000000014
0.3,20,0.28756215,0.23299554999999997,0.9806049000000001,1.331295,0.9656474999999999,0.3872972,0.27835029999999994,0.1089469,0.10238437500000001,-0.006562525000000001
0.35,20,0.2772237,0.22554199999999996,0.95108555,1.22436,0.96218,0.3447961,0.2673839,0.0774122,0.072375565,-0.005036634999999998
0.4,20,0.27008234999999997,0.2222031,0.8233729500000001,1.11627,0.9581350000000002,0.2986441,0.25949089999999997,0.0391532,0.036804130000000004,-0.002349069999999999
