c,repeat,gen,source_file,mean_p,mean_q,mean_w,mean_payoff,sample_success_rate,mean_proposer_payoff,mean_responder_payoff,mean_R,role_payoff_gap,mean_R_minus_role_gap
0.0,0,99999,c=0.000000_gamma=0.100000_rho=0.000000_alpha=0.000000_repeat_0_timeseries.csv,0.340315,0.269528,0.996527,1.9487,0.97435,0.64202,0.33233,0.290337,0.30969,-0.01935300000000001
0.0,1,99999,c=0.000000_gamma=0.100000_rho=0.000000_alpha=0.000000_repeat_1_timeseries.csv,0.332269,0.26355,0.996334,1.9285,0.96425,0.6427,0.32155,0.302396,0.32115000000000005,-0.01875400000000005
0.0,2,99999,c=0.000000_gamma=0.100000_rho=0.000000_alpha=0.000000_repeat_2_timeseries.csv,0.334776,0.267629,0.996579,1.9438,0.9719,0.646236,0.325664,0.300967,0.320572,-0.01960500000000004
0.0,3,99999,c=0.000000_gamma=0.100000_rho=0.000000_alpha=0.000000_repeat_3_timeseries.csv,0.336171,0.268609,0.996696,1.9446,0.9723,0.644677,0.327623,0.296545,0.31705399999999995,-0.020508999999999944
0.0,4,99999,c=0.000000_gamma=0.100000_rho=0.000000_alpha=0.000000_repeat_4_timeseries.csv,0.330233,0.256545,0.996826,1.9391,0.96955,0.648689,0.320861,0.306708,0.32782799999999995,-0.021119999999999972
0.0,5,99999,c=0.000000_gamma=0.100000_rho=0.000000_alpha=0.000000_repeat_5_timeseries.csv,0.337615,0.260949,0.996799,1.9533,0.97665,0.64632,0.33033,0.299134,0.31599,-0.016855999999999982
0.0,6,99999,c=0.000000_gamma=0.100000_rho=0.000000_alpha=0.000000_repeat_6_timeseries.csv,0.336219,0.268082,0.996547,1.9417,0.97085,0.643796,0.327054,0.296508,0.316742,-0.02023400000000003
0.0,7,99999,c=0.000000_gamma=0.100000_rho=0.000000_alpha=0.000000_repeat_7_timeseries.csv,0.337731,0.271085,0.996432,1.9415,0.97075,0.642353,0.328397,0.293277,0.31395599999999996,-0.020678999999999947
0.0,8,99999,c=0.000000_gamma=0.100000_rho=0.000000_alpha=0.000000_repeat_8_timeseries.csv,0.330192,0.265369,0.996579,1.9394,0.9697,0.648828,0.320872,0.308173,0.32795599999999997,-0.019782999999999995
0.0,9,99999,c=0.000000_gamma=0.100000_rho=0.000000_alpha=0.000000_repeat_9_timeseries.csv,0.339816,0.270164,0.996702,1.951,0.9755,0.643385,0.332115,0.292231,0.31127,-0.019038999999999973
0.0,10,99999,c=0.000000_gamma=0.100000_rho=0.000000_alpha=0.000000_repeat_10_timeseries.csv,0.342009,0.274233,0.996687,1.9487,0.97435,0.640189,0.334161,0.288751,0.306028,-0.017277000000000042
0.0,11,99999,c=0.000000_gamma=0.100000_rho=0.000000_alpha=0.000000_repeat_11_timeseries.csv,0.333226,0.26212,0.996805,1.9494,0.9747,0.649412,0.325288,0.30637,0.32412399999999997,-0.017753999999999992
0.0,12,99999,c=0.000000_gamma=0.100000_rho=0.000000_alpha=0.000000_repeat_12_timeseries.csv,0.340038,0.272286,0.996604,1.941,0.9705,0.639782,0.330718,0.289794,0.30906399999999995,-0.019269999999999954
0.0,13,99999,c=0.000000_gamma=0.100000_rho=0.000000_alpha=0.000000_repeat_13_timeseries.csv,0.339305,0.271057,0.996319,1.935,0.9675,0.638319,0.329181,0.288931,0.30913799999999997,-0.020206999999999975
0.0,14,99999,c=0.000000_gamma=0.100000_rho=0.000000_alpha=0.000000_repeat_14_timeseries.csv,0.345955,0.278103,0.996139,1.9416,0.9708,0.634144,0.336656,0.278995,0.29748800000000003,-0.018493000000000037
0.0,15,99999,c=0.000000_gamma=0.100000_rho=0.000000_alpha=0.000000_repeat_15_timeseries.csv,0.338298,0.271761,0.996429,1.9422,0.9711,0.641632,0.329468,0.293642,0.312164,-0.018521999999999983
0.0,16,99999,c=0.000000_gamma=0.100000_rho=0.000000_alpha=0.000000_repeat_16_timeseries.csv,0.34053,0.271483,0.99658,1.9446,0.9723,0.640525,0.331775,0.289618,0.30875,-0.019132000000000038
0.0,17,99999,c=0.000000_gamma=0.100000_rho=0.000000_alpha=0.000000_repeat_17_timeseries.csv,0.334373,0.266895,0.996558,1.9433,0.97165,0.646448,0.325202,0.300741,0.32124600000000003,-0.02050500000000005
0.0,18,99999,c=0.000000_gamma=0.100000_rho=0.000000_alpha=0.000000_repeat_18_timeseries.csv,0.342255,0.274109,0.996345,1.935,0.9675,0.635694,0.331806,0.283659,0.303888,-0.020228999999999997
0.0,19,99999,c=0.000000_gamma=0.100000_rho=0.000000_alpha=0.000000_repeat_19_timeseries.csv,0.333343,0.268449,0.996728,1.9419,0.97095,0.64661,0.32434,0.30304,0.32227,-0.019230000000000025
0.05,0,99999,c=0.050000_gamma=0.100000_rho=0.000000_alpha=0.000000_repeat_0_timeseries.csv,0.320917,0.253041,0.996427,1.8415,0.97075,0.608573,0.312177,0.279042,0.29639600000000005,-0.017354000000000036
0.05,1,99999,c=0.050000_gamma=0.100000_rho=0.000000_alpha=0.000000_repeat_1_timeseries.csv,0.334462,0.265919,0.99598,1.8407,0.97035,0.595195,0.325155,0.25499,0.27004,-0.015050000000000008
0.05,2,99999,c=0.050000_gamma=0.100000_rho=0.000000_alpha=0.000000_repeat_2_timeseries.csv,0.329981,0.263408,0.996308,1.8484,0.9742,0.601922,0.322278,0.262714,0.27964399999999995,-0.016929999999999945
0.05,3,99999,c=0.050000_gamma=0.100000_rho=0.000000_alpha=0.000000_repeat_3_timeseries.csv,0.328845,0.251502,0.996291,1.8507,0.97535,0.603917,0.321433,0.264006,0.282484,-0.018477999999999994
0.05,4,99999,c=0.050000_gamma=0.100000_rho=0.000000_alpha=0.000000_repeat_4_timeseries.csv,0.321865,0.256662,0.995976,1.8344,0.9672,0.604939,0.312261,0.275344,0.292678,-0.017334000000000016
0.05,5,99999,c=0.050000_gamma=0.100000_rho=0.000000_alpha=0.000000_repeat_5_timeseries.csv,0.339333,0.272547,0.995954,1.846,0.973,0.592253,0.330747,0.24392,0.261506,-0.01758600000000002
0.05,6,99999,c=0.050000_gamma=0.100000_rho=0.000000_alpha=0.000000_repeat_6_timeseries.csv,0.335282,0.273884,0.996088,1.8461,0.97305,0.59631,0.32674,0.252371,0.26957000000000003,-0.01719900000000002
0.05,7,99999,c=0.050000_gamma=0.100000_rho=0.000000_alpha=0.000000_repeat_7_timeseries.csv,0.331448,0.262803,0.996166,1.8419,0.97095,0.598907,0.322043,0.258782,0.27686399999999994,-0.01808199999999993
0.05,8,99999,c=0.050000_gamma=0.100000_rho=0.000000_alpha=0.000000_repeat_8_timeseries.csv,0.321679,0.250212,0.996475,1.847,0.9735,0.609571,0.313929,0.276136,0.29564199999999996,-0.019505999999999968
0.05,9,99999,c=0.050000_gamma=0.100000_rho=0.000000_alpha=0.000000_repeat_9_timeseries.csv,0.337917,0.272629,0.995614,1.8417,0.97085,0.592065,0.328785,0.246912,0.26327999999999996,-0.016367999999999966
0.05,10,99999,c=0.050000_gamma=0.100000_rho=0.000000_alpha=0.000000_repeat_10_timeseries.csv,0.335751,0.27207,0.996227,1.8508,0.9754,0.597579,0.327821,0.256439,0.269758,-0.013319000000000025
0.05,11,99999,c=0.050000_gamma=0.100000_rho=0.000000_alpha=0.000000_repeat_11_timeseries.csv,0.324113,0.259234,0.996451,1.845,0.9725,0.606703,0.315797,0.272626,0.290906,-0.01828000000000002
0.05,12,99999,c=0.050000_gamma=0.100000_rho=0.000000_alpha=0.000000_repeat_12_timeseries.csv,0.332219,0.267708,0.995891,1.8474,0.9737,0.599298,0.324402,0.256074,0.274896,-0.01882199999999995
0.05,13,99999,c=0.050000_gamma=0.100000_rho=0.000000_alpha=0.000000_repeat_13_timeseries.csv,0.326743,0.260059,0.996464,1.8448,0.9724,0.604238,0.318162,0.270045,0.28607600000000005,-0.016031000000000073
0.05,14,99999,c=0.050000_gamma=0.100000_rho=0.000000_alpha=0.000000_repeat_14_timeseries.csv,0.328791,0.261323,0.996246,1.8459,0.97295,0.602204,0.320746,0.262983,0.281458,-0.018474999999999964
0.05,15,99999,c=0.050000_gamma=0.100000_rho=0.000000_alpha=0.000000_repeat_15_timeseries.csv,0.333518,0.264992,0.99599,1.8423,0.97115,0.59648,0.32467,0.256233,0.27181,-0.015577000000000008
0.05,16,99999,c=0.050000_gamma=0.100000_rho=0.000000_alpha=0.000000_repeat_16_timeseries.csv,0.325366,0.257621,0.996106,1.8382,0.9691,0.603003,0.316097,0.268368,0.28690599999999994,-0.018537999999999943
0.05,17,99999,c=0.050000_gamma=0.100000_rho=0.000000_alpha=0.000000_repeat_17_timeseries.csv,0.331121,0.265652,0.996176,1.8374,0.9687,0.59733,0.32137,0.260077,0.27596000000000004,-0.015883000000000036
0.05,18,99999,c=0.050000_gamma=0.100000_rho=0.000000_alpha=0.000000_repeat_18_timeseries.csv,0.332867,0.268199,0.996267,1.8442,0.9721,0.598039,0.324061,0.259301,0.273978,-0.014676999999999996
0.05,19,99999,c=0.050000_gamma=0.100000_rho=0.000000_alpha=0.000000_repeat_19_timeseries.csv,0.331628,0.257588,0.996082,1.845,0.9725,0.599198,0.323302,0.256918,0.27589600000000003,-0.01897800000000005
0.1,0,99999,c=0.100000_gamma=0.100000_rho=0.000000_alpha=0.000000_repeat_0_timeseries.csv,0.325824,0.256606,0.995347,1.7424,0.9712,0.554079,0.317121,0.221536,0.236958,-0.015421999999999991
0.1,1,99999,c=0.100000_gamma=0.100000_rho=0.000000_alpha=0.000000_repeat_1_timeseries.csv,0.319875,0.256342,0.995463,1.7406,0.9703,0.559223,0.311077,0.232061,0.24814600000000003,-0.016085000000000044
0.1,2,99999,c=0.100000_gamma=0.100000_rho=0.000000_alpha=0.000000_repeat_2_timeseries.csv,0.329269,0.268106,0.994986,1.7327,0.96635,0.547655,0.318695,0.215925,0.22896,-0.013034999999999991
0.1,3,99999,c=0.100000_gamma=0.100000_rho=0.000000_alpha=0.000000_repeat_3_timeseries.csv,0.322572,0.258765,0.995292,1.7408,0.9704,0.556755,0.313645,0.228292,0.24311,-0.014817999999999998
0.1,4,99999,c=0.100000_gamma=0.100000_rho=0.000000_alpha=0.000000_repeat_4_timeseries.csv,0.337951,0.274248,0.993965,1.7307,0.96535,0.53857,0.32678,0.197822,0.21178999999999998,-0.01396799999999998
0.1,5,99999,c=0.100000_gamma=0.100000_rho=0.000000_alpha=0.000000_repeat_5_timeseries.csv,0.322431,0.260212,0.995569,1.7391,0.96955,0.555966,0.313584,0.22609,0.242382,-0.016291999999999973
0.1,6,99999,c=0.100000_gamma=0.100000_rho=0.000000_alpha=0.000000_repeat_6_timeseries.csv,0.320274,0.253837,0.995509,1.7463,0.97315,0.561016,0.312134,0.232987,0.24888199999999994,-0.015894999999999937
0.1,7,99999,c=0.100000_gamma=0.100000_rho=0.000000_alpha=0.000000_repeat_7_timeseries.csv,0.327198,0.261943,0.995594,1.7418,0.9709,0.552706,0.318194,0.220117,0.23451200000000005,-0.014395000000000047
0.1,8,99999,c=0.100000_gamma=0.100000_rho=0.000000_alpha=0.000000_repeat_8_timeseries.csv,0.323565,0.258716,0.995608,1.7478,0.9739,0.558377,0.315523,0.228031,0.24285400000000001,-0.014823000000000003
0.1,9,99999,c=0.100000_gamma=0.100000_rho=0.000000_alpha=0.000000_repeat_9_timeseries.csv,0.323545,0.261577,0.995083,1.7372,0.9686,0.554709,0.313891,0.226125,0.24081800000000003,-0.01469300000000004
0.1,10,99999,c=0.100000_gamma=0.100000_rho=0.000000_alpha=0.000000_repeat_10_timeseries.csv,0.31522,0.249045,0.99599,1.7516,0.9758,0.56765,0.30815,0.242998,0.2595,-0.016502000000000017
0.1,11,99999,c=0.100000_gamma=0.100000_rho=0.000000_alpha=0.000000_repeat_11_timeseries.csv,0.323152,0.257379,0.995924,1.755,0.9775,0.56067,0.31683,0.228182,0.24384,-0.015658000000000005
0.1,12,99999,c=0.100000_gamma=0.100000_rho=0.000000_alpha=0.000000_repeat_12_timeseries.csv,0.324479,0.260763,0.995225,1.7382,0.9691,0.554049,0.315051,0.224217,0.238998,-0.014780999999999989
0.1,13,99999,c=0.100000_gamma=0.100000_rho=0.000000_alpha=0.000000_repeat_13_timeseries.csv,0.322772,0.256089,0.995509,1.7394,0.9697,0.556049,0.313651,0.225413,0.242398,-0.016985
0.1,14,99999,c=0.100000_gamma=0.100000_rho=0.000000_alpha=0.000000_repeat_14_timeseries.csv,0.322843,0.256351,0.995481,1.7392,0.9696,0.555771,0.313829,0.225855,0.241942,-0.01608699999999999
0.1,15,99999,c=0.100000_gamma=0.100000_rho=0.000000_alpha=0.000000_repeat_15_timeseries.csv,0.318547,0.252372,0.99535,1.7418,0.9709,0.561258,0.309642,0.236651,0.25161600000000006,-0.014965000000000062
0.1,16,99999,c=0.100000_gamma=0.100000_rho=0.000000_alpha=0.000000_repeat_16_timeseries.csv,0.328277,0.264396,0.995053,1.7379,0.96895,0.550141,0.318809,0.219411,0.23133199999999998,-0.011920999999999987
0.1,17,99999,c=0.100000_gamma=0.100000_rho=0.000000_alpha=0.000000_repeat_17_timeseries.csv,0.317299,0.24997,0.995898,1.7431,0.97155,0.56262,0.30893,0.238246,0.25369,-0.015444000000000013
0.1,18,99999,c=0.100000_gamma=0.100000_rho=0.000000_alpha=0.000000_repeat_18_timeseries.csv,0.320636,0.251112,0.995945,1.7501,0.97505,0.561719,0.313331,0.231716,0.24838799999999994,-0.016671999999999937
0.1,19,99999,c=0.100000_gamma=0.100000_rho=0.000000_alpha=0.000000_repeat_19_timeseries.csv,0.325099,0.263233,0.995285,1.7355,0.96775,0.552468,0.315282,0.221377,0.23718599999999995,-0.015808999999999962
0.15,0,99999,c=0.150000_gamma=0.100000_rho=0.000000_alpha=0.000000_repeat_0_timeseries.csv,0.31679,0.251656,0.994327,1.6434,0.9717,0.513019,0.308681,0.191776,0.20433800000000002,-0.012562000000000018
0.15,1,99999,c=0.150000_gamma=0.100000_rho=0.000000_alpha=0.000000_repeat_1_timeseries.csv,0.315897,0.25375,0.9938,1.6366,0.9683,0.511723,0.306577,0.192097,0.20514600000000005,-0.01304900000000006
0.15,2,99999,c=0.150000_gamma=0.100000_rho=0.000000_alpha=0.000000_repeat_2_timeseries.csv,0.305537,0.240139,0.995104,1.6398,0.9699,0.522914,0.296986,0.212629,0.22592799999999996,-0.01329899999999995
0.15,3,99999,c=0.150000_gamma=0.100000_rho=0.000000_alpha=0.000000_repeat_3_timeseries.csv,0.31905,0.257865,0.993706,1.631,0.9655,0.50699,0.30851,0.185012,0.19848000000000005,-0.013468000000000035
0.15,4,99999,c=0.150000_gamma=0.100000_rho=0.000000_alpha=0.000000_repeat_4_timeseries.csv,0.318621,0.257828,0.994832,1.6488,0.9744,0.513421,0.310979,0.189203,0.202442,-0.013239
0.15,5,99999,c=0.150000_gamma=0.100000_rho=0.000000_alpha=0.000000_repeat_5_timeseries.csv,0.319784,0.258448,0.993752,1.6279,0.96395,0.505092,0.308858,0.182697,0.19623399999999996,-0.013536999999999966
0.15,6,99999,c=0.150000_gamma=0.100000_rho=0.000000_alpha=0.000000_repeat_6_timeseries.csv,0.311439,0.24624,0.995096,1.6446,0.9723,0.519003,0.303297,0.203191,0.215706,-0.012514999999999998
0.15,7,99999,c=0.150000_gamma=0.100000_rho=0.000000_alpha=0.000000_repeat_7_timeseries.csv,0.32331,0.263554,0.994144,1.6451,0.97255,0.507459,0.315091,0.180455,0.19236799999999998,-0.01191299999999998
0.15,8,99999,c=0.150000_gamma=0.100000_rho=0.000000_alpha=0.000000_repeat_8_timeseries.csv,0.316987,0.255275,0.994629,1.6441,0.97205,0.513109,0.308941,0.191764,0.20416800000000002,-0.012404000000000026
0.15,9,99999,c=0.150000_gamma=0.100000_rho=0.000000_alpha=0.000000_repeat_9_timeseries.csv,0.324161,0.262824,0.994235,1.6416,0.9708,0.505555,0.315245,0.178386,0.19030999999999998,-0.01192399999999999
0.15,10,99999,c=0.150000_gamma=0.100000_rho=0.000000_alpha=0.000000_repeat_10_timeseries.csv,0.313823,0.253177,0.994862,1.645,0.9725,0.51669,0.30581,0.198732,0.21087999999999996,-0.012147999999999964
0.15,11,99999,c=0.150000_gamma=0.100000_rho=0.000000_alpha=0.000000_repeat_11_timeseries.csv,0.318354,0.25366,0.994118,1.6399,0.96995,0.510634,0.309316,0.188951,0.20131800000000005,-0.012367000000000045
0.15,12,99999,c=0.150000_gamma=0.100000_rho=0.000000_alpha=0.000000_repeat_12_timeseries.csv,0.316427,0.253275,0.994529,1.6435,0.97175,0.51373,0.30802,0.194393,0.20571,-0.011316999999999994
0.15,13,99999,c=0.150000_gamma=0.100000_rho=0.000000_alpha=0.000000_repeat_13_timeseries.csv,0.328535,0.267465,0.992985,1.6372,0.9686,0.499672,0.318928,0.168742,0.18074400000000002,-0.012002000000000013
0.15,14,99999,c=0.150000_gamma=0.100000_rho=0.000000_alpha=0.000000_repeat_14_timeseries.csv,0.31452,0.252607,0.994515,1.6466,0.9733,0.516376,0.306924,0.197335,0.20945199999999997,-0.012116999999999961
0.15,15,99999,c=0.150000_gamma=0.100000_rho=0.000000_alpha=0.000000_repeat_15_timeseries.csv,0.316913,0.256383,0.994782,1.6492,0.9746,0.514885,0.309715,0.193451,0.20517000000000002,-0.011719000000000007
0.15,16,99999,c=0.150000_gamma=0.100000_rho=0.000000_alpha=0.000000_repeat_16_timeseries.csv,0.316036,0.258991,0.994518,1.6357,0.96785,0.511125,0.306725,0.191582,0.20440000000000003,-0.012818000000000024
0.15,17,99999,c=0.150000_gamma=0.100000_rho=0.000000_alpha=0.000000_repeat_17_timeseries.csv,0.314607,0.256202,0.994697,1.6436,0.9718,0.515483,0.306317,0.194359,0.20916600000000002,-0.014807000000000015
0.15,18,99999,c=0.150000_gamma=0.100000_rho=0.000000_alpha=0.000000_repeat_18_timeseries.csv,0.324538,0.267535,0.993189,1.6393,0.96965,0.504432,0.315218,0.179425,0.189214,-0.009788999999999992
0.15,19,99999,c=0.150000_gamma=0.100000_rho=0.000000_alpha=0.000000_repeat_19_timeseries.csv,0.311338,0.246381,0.995046,1.6422,0.9711,0.518079,0.303021,0.201811,0.21505799999999997,-0.013246999999999981
0.2,0,99999,c=0.200000_gamma=0.100000_rho=0.000000_alpha=0.000000_repeat_0_timeseries.csv,0.304034,0.239612,0.993684,1.5356,0.9678,0.472885,0.294915,0.166222,0.17797000000000002,-0.011748000000000008
0.2,1,99999,c=0.200000_gamma=0.100000_rho=0.000000_alpha=0.000000_repeat_1_timeseries.csv,0.297245,0.23647,0.993387,1.5302,0.9651,0.477589,0.287511,0.175922,0.19007799999999997,-0.014155999999999974
0.2,2,99999,c=0.200000_gamma=0.100000_rho=0.000000_alpha=0.000000_repeat_2_timeseries.csv,0.312027,0.250973,0.992819,1.5443,0.97215,0.46842,0.30373,0.15468,0.16469,-0.010009999999999991
0.2,3,99999,c=0.200000_gamma=0.100000_rho=0.000000_alpha=0.000000_repeat_3_timeseries.csv,0.306144,0.243575,0.993876,1.5364,0.9682,0.471373,0.296827,0.165962,0.17454599999999998,-0.00858399999999998
0.2,4,99999,c=0.200000_gamma=0.100000_rho=0.000000_alpha=0.000000_repeat_4_timeseries.csv,0.308509,0.246936,0.991448,1.5346,0.9673,0.468087,0.299213,0.157489,0.16887399999999997,-0.011384999999999978
0.2,5,99999,c=0.200000_gamma=0.100000_rho=0.000000_alpha=0.000000_repeat_5_timeseries.csv,0.302311,0.239379,0.992893,1.5369,0.96845,0.475074,0.293376,0.169415,0.18169799999999997,-0.01228299999999996
0.2,6,99999,c=0.200000_gamma=0.100000_rho=0.000000_alpha=0.000000_repeat_6_timeseries.csv,0.311904,0.247191,0.990628,1.5277,0.96385,0.462711,0.301139,0.151746,0.161572,-0.009826000000000001
0.2,7,99999,c=0.200000_gamma=0.100000_rho=0.000000_alpha=0.000000_repeat_7_timeseries.csv,0.315171,0.259293,0.989543,1.5261,0.96305,0.458895,0.304155,0.147575,0.15474,-0.007164999999999977
0.2,8,99999,c=0.200000_gamma=0.100000_rho=0.000000_alpha=0.000000_repeat_8_timeseries.csv,0.309991,0.249116,0.993229,1.5418,0.9709,0.469312,0.301588,0.157514,0.16772399999999998,-0.010209999999999997
0.2,9,99999,c=0.200000_gamma=0.100000_rho=0.000000_alpha=0.000000_repeat_9_timeseries.csv,0.312109,0.260061,0.992371,1.5343,0.96715,0.464743,0.302407,0.152516,0.16233600000000004,-0.009820000000000023
0.2,10,99999,c=0.200000_gamma=0.100000_rho=0.000000_alpha=0.000000_repeat_10_timeseries.csv,0.306093,0.247564,0.993042,1.5437,0.97185,0.473798,0.298052,0.163003,0.175746,-0.012743000000000004
0.2,11,99999,c=0.200000_gamma=0.100000_rho=0.000000_alpha=0.000000_repeat_11_timeseries.csv,0.313874,0.256163,0.991211,1.5314,0.9657,0.4622,0.3035,0.147493,0.1587,-0.011206999999999995
0.2,12,99999,c=0.200000_gamma=0.100000_rho=0.000000_alpha=0.000000_repeat_12_timeseries.csv,0.309617,0.248465,0.992376,1.5422,0.9711,0.469899,0.301201,0.156816,0.16869800000000001,-0.011882000000000004
0.2,13,99999,c=0.200000_gamma=0.100000_rho=0.000000_alpha=0.000000_repeat_13_timeseries.csv,0.301559,0.237639,0.993986,1.5452,0.9726,0.478609,0.293991,0.173894,0.184618,-0.010724000000000011
0.2,14,99999,c=0.200000_gamma=0.100000_rho=0.000000_alpha=0.000000_repeat_14_timeseries.csv,0.304643,0.242613,0.99379,1.5399,0.96995,0.473961,0.295989,0.16874,0.17797200000000002,-0.009232000000000018
0.2,15,99999,c=0.200000_gamma=0.100000_rho=0.000000_alpha=0.000000_repeat_15_timeseries.csv,0.305667,0.244399,0.993023,1.5437,0.97185,0.474288,0.297562,0.165402,0.176726,-0.011324
0.2,16,99999,c=0.200000_gamma=0.100000_rho=0.000000_alpha=0.000000_repeat_16_timeseries.csv,0.303442,0.239957,0.99238,1.5271,0.96355,0.470539,0.293011,0.1653,0.17752799999999996,-0.012227999999999961
0.2,17,99999,c=0.200000_gamma=0.100000_rho=0.000000_alpha=0.000000_repeat_17_timeseries.csv,0.305708,0.241746,0.992719,1.5381,0.96905,0.472233,0.296817,0.162239,0.17541600000000002,-0.013177000000000022
0.2,18,99999,c=0.200000_gamma=0.100000_rho=0.000000_alpha=0.000000_repeat_18_timeseries.csv,0.31478,0.257155,0.99204,1.5449,0.97245,0.465607,0.306843,0.14778,0.15876400000000002,-0.010984000000000022
0.2,19,99999,c=0.200000_gamma=0.100000_rho=0.000000_alpha=0.000000_repeat_19_timeseries.csv,0.310939,0.245642,0.992041,1.5356,0.9678,0.466174,0.301626,0.154756,0.16454799999999997,-0.009791999999999967
0.25,0,99999,c=0.250000_gamma=0.100000_rho=0.000000_alpha=0.000000_repeat_0_timeseries.csv,0.301648,0.246453,0.987442,1.43,0.965,0.423366,0.291634,0.123628,0.13173200000000002,-0.008104000000000014
0.25,1,99999,c=0.250000_gamma=0.100000_rho=0.000000_alpha=0.000000_repeat_1_timeseries.csv,0.309115,0.256541,0.984369,1.4286,0.9643,0.415431,0.298869,0.110045,0.116562,-0.006516999999999995
0.25,2,99999,c=0.250000_gamma=0.100000_rho=0.000000_alpha=0.000000_repeat_2_timeseries.csv,0.294362,0.237984,0.990303,1.4373,0.96865,0.433007,0.285643,0.138504,0.147364,-0.008860000000000007
0.25,3,99999,c=0.250000_gamma=0.100000_rho=0.000000_alpha=0.000000_repeat_3_timeseries.csv,0.292737,0.229234,0.990941,1.4402,0.9701,0.435566,0.284534,0.139865,0.151032,-0.01116700000000001
0.25,4,99999,c=0.250000_gamma=0.100000_rho=0.000000_alpha=0.000000_repeat_4_timeseries.csv,0.300083,0.244623,0.988821,1.4377,0.96885,0.427503,0.291347,0.125851,0.136156,-0.010305000000000009
0.25,5,99999,c=0.250000_gamma=0.100000_rho=0.000000_alpha=0.000000_repeat_5_timeseries.csv,0.299737,0.242705,0.988433,1.4339,0.96695,0.426426,0.290524,0.127225,0.13590200000000002,-0.008677000000000018
0.25,6,99999,c=0.250000_gamma=0.100000_rho=0.000000_alpha=0.000000_repeat_6_timeseries.csv,0.304489,0.250168,0.985523,1.432,0.966,0.421316,0.294684,0.118502,0.12663200000000002,-0.008130000000000026
0.25,7,99999,c=0.250000_gamma=0.100000_rho=0.000000_alpha=0.000000_repeat_7_timeseries.csv,0.299242,0.241795,0.986958,1.4398,0.9699,0.429124,0.290776,0.129975,0.13834800000000003,-0.00837300000000002
0.25,8,99999,c=0.250000_gamma=0.100000_rho=0.000000_alpha=0.000000_repeat_8_timeseries.csv,0.306038,0.251151,0.984699,1.4264,0.9632,0.417699,0.295501,0.114037,0.12219799999999997,-0.008160999999999974
0.25,9,99999,c=0.250000_gamma=0.100000_rho=0.000000_alpha=0.000000_repeat_9_timeseries.csv,0.301459,0.245258,0.986063,1.4243,0.96215,0.4213,0.29085,0.123069,0.13045,-0.0073810000000000126
0.25,10,99999,c=0.250000_gamma=0.100000_rho=0.000000_alpha=0.000000_repeat_10_timeseries.csv,0.299126,0.242768,0.987032,1.4286,0.9643,0.425134,0.289166,0.126953,0.13596800000000003,-0.009015000000000023
0.25,11,99999,c=0.250000_gamma=0.100000_rho=0.000000_alpha=0.000000_repeat_11_timeseries.csv,0.305256,0.246786,0.989173,1.4412,0.9706,0.423792,0.296808,0.119749,0.12698399999999999,-0.0072349999999999914
0.25,12,99999,c=0.250000_gamma=0.100000_rho=0.000000_alpha=0.000000_repeat_12_timeseries.csv,0.302746,0.245664,0.987827,1.4344,0.9672,0.423864,0.293336,0.121249,0.13052800000000003,-0.009279000000000037
0.25,13,99999,c=0.250000_gamma=0.100000_rho=0.000000_alpha=0.000000_repeat_13_timeseries.csv,0.290431,0.229965,0.988777,1.4269,0.96345,0.433023,0.280427,0.144459,0.152596,-0.008137000000000005
0.25,14,99999,c=0.250000_gamma=0.100000_rho=0.000000_alpha=0.000000_repeat_14_timeseries.csv,0.295248,0.236189,0.991458,1.438,0.969,0.4323,0.2867,0.136238,0.1456,-0.00936200000000001
0.25,15,99999,c=0.250000_gamma=0.100000_rho=0.000000_alpha=0.000000_repeat_15_timeseries.csv,0.297158,0.233514,0.991322,1.4437,0.97185,0.432471,0.289379,0.134985,0.143092,-0.008107000000000003
0.25,16,99999,c=0.250000_gamma=0.100000_rho=0.000000_alpha=0.000000_repeat_16_timeseries.csv,0.300669,0.244591,0.988868,1.4366,0.9683,0.426562,0.291738,0.126298,0.134824,-0.008526000000000006
0.25,17,99999,c=0.250000_gamma=0.100000_rho=0.000000_alpha=0.000000_repeat_17_timeseries.csv,0.289489,0.231411,0.989959,1.4322,0.9661,0.435856,0.280244,0.144026,0.15561200000000003,-0.01158600000000004
0.25,18,99999,c=0.250000_gamma=0.100000_rho=0.000000_alpha=0.000000_repeat_18_timeseries.csv,0.294426,0.236937,0.990306,1.4406,0.9703,0.434068,0.286232,0.139081,0.14783600000000002,-0.008755000000000013
0.25,19,99999,c=0.250000_gamma=0.100000_rho=0.000000_alpha=0.000000_repeat_19_timeseries.csv,0.298574,0.239139,0.990259,1.4397,0.96985,0.429773,0.290077,0.130989,0.13969600000000004,-0.008707000000000048
0.3,0,99999,c=0.300000_gamma=0.100000_rho=0.000000_alpha=0.000000_repeat_0_timeseries.csv,0.285771,0.229065,0.981096,1.3277,0.96385,0.387757,0.276093,0.105503,0.11166400000000004,-0.0061610000000000414
0.3,1,99999,c=0.300000_gamma=0.100000_rho=0.000000_alpha=0.000000_repeat_1_timeseries.csv,0.288511,0.236463,0.980803,1.3289,0.96445,0.385541,0.278909,0.0987671,0.106632,-0.007864900000000008
0.3,2,99999,c=0.300000_gamma=0.100000_rho=0.000000_alpha=0.000000_repeat_2_timeseries.csv,0.294065,0.243577,0.969045,1.3257,0.96285,0.378881,0.283969,0.08801,0.094912,-0.0069019999999999915
0.3,3,99999,c=0.300000_gamma=0.100000_rho=0.000000_alpha=0.000000_repeat_3_timeseries.csv,0.284681,0.232615,0.984871,1.3261,0.96305,0.388212,0.274838,0.106134,0.11337399999999997,-0.007239999999999969
0.3,4,99999,c=0.300000_gamma=0.100000_rho=0.000000_alpha=0.000000_repeat_4_timeseries.csv,0.290224,0.234665,0.983501,1.3269,0.96345,0.383342,0.280108,0.0982793,0.10323399999999999,-0.0049546999999999924
0.3,5,99999,c=0.300000_gamma=0.100000_rho=0.000000_alpha=0.000000_repeat_5_timeseries.csv,0.290119,0.23462,0.981181,1.3278,0.9639,0.383393,0.280507,0.0964295,0.10288599999999998,-0.006456499999999976
0.3,6,99999,c=0.300000_gamma=0.100000_rho=0.000000_alpha=0.000000_repeat_6_timeseries.csv,0.290692,0.236284,0.958422,1.3413,0.97065,0.387614,0.283036,0.0983593,0.104578,-0.0062187000000000076
0.3,7,99999,c=0.300000_gamma=0.100000_rho=0.000000_alpha=0.000000_repeat_7_timeseries.csv,0.285663,0.230193,0.982768,1.3247,0.96235,0.386843,0.275507,0.106434,0.11133599999999999,-0.00490199999999999
0.3,8,99999,c=0.300000_gamma=0.100000_rho=0.000000_alpha=0.000000_repeat_8_timeseries.csv,0.293207,0.244621,0.978296,1.3259,0.96295,0.37984,0.28311,0.0899767,0.09673000000000004,-0.0067533000000000315
0.3,9,99999,c=0.300000_gamma=0.100000_rho=0.000000_alpha=0.000000_repeat_9_timeseries.csv,0.280329,0.222641,0.985698,1.3366,0.9683,0.396335,0.271965,0.115481,0.12436999999999998,-0.00888899999999998
0.3,10,99999,c=0.300000_gamma=0.100000_rho=0.000000_alpha=0.000000_repeat_10_timeseries.csv,0.288354,0.232363,0.985465,1.3336,0.9668,0.387407,0.279393,0.102044,0.108014,-0.005970000000000003
0.3,11,99999,c=0.300000_gamma=0.100000_rho=0.000000_alpha=0.000000_repeat_11_timeseries.csv,0.283179,0.228038,0.980903,1.3377,0.96885,0.393774,0.275076,0.109533,0.11869800000000003,-0.00916500000000002
0.3,12,99999,c=0.300000_gamma=0.100000_rho=0.000000_alpha=0.000000_repeat_12_timeseries.csv,0.285182,0.230766,0.984185,1.3336,0.9668,0.390432,0.276368,0.10695,0.114064,-0.007113999999999995
0.3,13,99999,c=0.300000_gamma=0.100000_rho=0.000000_alpha=0.000000_repeat_13_timeseries.csv,0.287784,0.237404,0.977558,1.3272,0.9636,0.385376,0.278224,0.101652,0.10715199999999997,-0.005499999999999963
0.3,14,99999,c=0.300000_gamma=0.100000_rho=0.000000_alpha=0.000000_repeat_14_timeseries.csv,0.287545,0.229429,0.979154,1.3329,0.96645,0.388014,0.278436,0.102937,0.10957800000000001,-0.006641000000000008
0.3,15,99999,c=0.300000_gamma=0.100000_rho=0.000000_alpha=0.000000_repeat_15_timeseries.csv,0.284682,0.230136,0.985682,1.3337,0.96685,0.390996,0.275854,0.109855,0.11514200000000002,-0.005287000000000028
0.3,16,99999,c=0.300000_gamma=0.100000_rho=0.000000_alpha=0.000000_repeat_16_timeseries.csv,0.290693,0.237373,0.982113,1.3286,0.9643,0.383394,0.280906,0.0957006,0.10248800000000002,-0.006787400000000027
0.3,17,99999,c=0.300000_gamma=0.100000_rho=0.000000_alpha=0.000000_repeat_17_timeseries.csv,0.287514,0.229419,0.983888,1.3355,0.96775,0.389061,0.278689,0.104562,0.11037199999999997,-0.005809999999999968
0.3,18,99999,c=0.300000_gamma=0.100000_rho=0.000000_alpha=0.000000_repeat_18_timeseries.csv,0.285297,0.228949,0.985965,1.3375,0.96875,0.391705,0.277045,0.108998,0.11466000000000004,-0.005662000000000042
0.3,19,99999,c=0.300000_gamma=0.100000_rho=0.000000_alpha=0.000000_repeat_19_timeseries.csv,0.287751,0.23129,0.981504,1.334,0.967,0.388027,0.278973,0.102082,0.10905399999999998,-0.006971999999999978
0.35,0,99999,c=0.350000_gamma=0.100000_rho=0.000000_alpha=0.000000_repeat_0_timeseries.csv,0.277679,0.226982,0.952501,1.2227,0.96135,0.343804,0.267546,0.0706817,0.07625799999999999,-0.005576299999999992
0.35,1,99999,c=0.350000_gamma=0.100000_rho=0.000000_alpha=0.000000_repeat_1_timeseries.csv,0.277607,0.227225,0.961886,1.2326,0.9663,0.347311,0.268989,0.0738381,0.078322,-0.004483899999999999
0.35,2,99999,c=0.350000_gamma=0.100000_rho=0.000000_alpha=0.000000_repeat_2_timeseries.csv,0.279733,0.226218,0.93721,1.2117,0.95585,0.338064,0.267786,0.0647063,0.07027799999999995,-0.005571699999999957
0.35,3,99999,c=0.350000_gamma=0.100000_rho=0.000000_alpha=0.000000_repeat_3_timeseries.csv,0.277184,0.2257,0.95574,1.2206,0.9603,0.343681,0.266619,0.0714678,0.07706200000000002,-0.005594200000000021
0.35,4,99999,c=0.350000_gamma=0.100000_rho=0.000000_alpha=0.000000_repeat_4_timeseries.csv,0.278923,0.226897,0.922288,1.215,0.9575,0.339625,0.267875,0.0660825,0.07175000000000004,-0.005667500000000034
0.35,5,99999,c=0.350000_gamma=0.100000_rho=0.000000_alpha=0.000000_repeat_5_timeseries.csv,0.272298,0.223544,0.964025,1.2176,0.9588,0.346981,0.261819,0.0783954,0.08516199999999996,-0.006766599999999956
0.35,6,99999,c=0.350000_gamma=0.100000_rho=0.000000_alpha=0.000000_repeat_6_timeseries.csv,0.278063,0.224721,0.957656,1.228,0.964,0.345302,0.268698,0.0711124,0.076604,-0.005491599999999999
0.35,7,99999,c=0.350000_gamma=0.100000_rho=0.000000_alpha=0.000000_repeat_7_timeseries.csv,0.276596,0.227444,0.961781,1.2231,0.96155,0.344835,0.266715,0.0740476,0.07812000000000002,-0.004072400000000018
0.35,8,99999,c=0.350000_gamma=0.100000_rho=0.000000_alpha=0.000000_repeat_8_timeseries.csv,0.279849,0.230393,0.934599,1.2223,0.96115,0.341599,0.269551,0.0683994,0.072048,-0.003648600000000002
0.35,9,99999,c=0.350000_gamma=0.100000_rho=0.000000_alpha=0.000000_repeat_9_timeseries.csv,0.273968,0.225095,0.969698,1.2204,0.9602,0.34647,0.26373,0.0757058,0.08273999999999998,-0.007034199999999977
0.35,10,99999,c=0.350000_gamma=0.100000_rho=0.000000_alpha=0.000000_repeat_10_timeseries.csv,0.274683,0.220383,0.953494,1.2297,0.96485,0.349181,0.265669,0.0791694,0.08351200000000003,-0.00434260000000003
0.35,11,99999,c=0.350000_gamma=0.100000_rho=0.000000_alpha=0.000000_repeat_11_timeseries.csv,0.278309,0.223153,0.927263,1.2292,0.9646,0.345543,0.269057,0.0724976,0.076486,-0.003988400000000003
0.35,12,99999,c=0.350000_gamma=0.100000_rho=0.000000_alpha=0.000000_repeat_12_timeseries.csv,0.271504,0.218687,0.958518,1.2333,0.96665,0.35355,0.2631,0.085786,0.09044999999999997,-0.004663999999999974
0.35,13,99999,c=0.350000_gamma=0.100000_rho=0.000000_alpha=0.000000_repeat_13_timeseries.csv,0.280922,0.232111,0.954459,1.2251,0.96255,0.341369,0.271181,0.0658737,0.07018799999999997,-0.004314299999999979
0.35,14,99999,c=0.350000_gamma=0.100000_rho=0.000000_alpha=0.000000_repeat_14_timeseries.csv,0.276177,0.220693,0.972818,1.2326,0.9663,0.348706,0.267594,0.0767807,0.08111200000000002,-0.004331300000000024
0.35,15,99999,c=0.350000_gamma=0.100000_rho=0.000000_alpha=0.000000_repeat_15_timeseries.csv,0.278605,0.225426,0.953686,1.2276,0.9638,0.344604,0.269196,0.0705616,0.07540800000000003,-0.0048464000000000285
0.35,16,99999,c=0.350000_gamma=0.100000_rho=0.000000_alpha=0.000000_repeat_16_timeseries.csv,0.275339,0.224231,0.966038,1.22,0.96,0.344988,0.265012,0.0735881,0.07997599999999999,-0.006387899999999988
0.35,17,99999,c=0.350000_gamma=0.100000_rho=0.000000_alpha=0.000000_repeat_17_timeseries.csv,0.276419,0.226077,0.969327,1.2274,0.9637,0.346624,0.267076,0.0755985,0.07954800000000001,-0.0039495000000000086
0.35,18,99999,c=0.350000_gamma=0.100000_rho=0.000000_alpha=0.000000_repeat_18_timeseries.csv,0.283438,0.231615,0.91584,1.2163,0.95815,0.335978,0.272172,0.0597043,0.06380599999999997,-0.004101699999999972
0.35,19,99999,c=0.350000_gamma=0.100000_rho=0.000000_alpha=0.000000_repeat_19_timeseries.csv,0.277178,0.224245,0.932884,1.232,0.966,0.347707,0.268293,0.0735144,0.07941399999999998,-0.005899599999999991
0.4,0,99999,c=0.400000_gamma=0.100000_rho=0.000000_alpha=0.000000_repeat_0_timeseries.csv,0.264949,0.217027,0.895351,1.1221,0.96105,0.305721,0.255329,0.0470584,0.05039200000000005,-0.0033336000000000476
0.4,1,99999,c=0.400000_gamma=0.100000_rho=0.000000_alpha=0.000000_repeat_1_timeseries.csv,0.278903,0.234356,0.690708,1.1048,0.9524,0.285931,0.266469,0.0188684,0.01946199999999998,-0.0005935999999999789
0.4,2,99999,c=0.400000_gamma=0.100000_rho=0.000000_alpha=0.000000_repeat_2_timeseries.csv,0.269107,0.216815,0.78248,1.1289,0.96445,0.304119,0.260331,0.0395446,0.043787999999999994,-0.004243399999999994
0.4,3,99999,c=0.400000_gamma=0.100000_rho=0.000000_alpha=0.000000_repeat_3_timeseries.csv,0.265289,0.219914,0.913827,1.1186,0.9593,0.304037,0.255263,0.0456685,0.048773999999999984,-0.0031054999999999833
0.4,4,99999,c=0.400000_gamma=0.100000_rho=0.000000_alpha=0.000000_repeat_4_timeseries.csv,0.27664,0.229553,0.770962,1.1191,0.95955,0.293064,0.266486,0.0244249,0.02657799999999999,-0.002153099999999991
0.4,5,99999,c=0.400000_gamma=0.100000_rho=0.000000_alpha=0.000000_repeat_5_timeseries.csv,0.269498,0.220911,0.820528,1.1217,0.96085,0.30125,0.2596,0.0387237,0.04165000000000002,-0.0029263000000000206
0.4,6,99999,c=0.400000_gamma=0.100000_rho=0.000000_alpha=0.000000_repeat_6_timeseries.csv,0.267326,0.219532,0.851695,1.1053,0.95265,0.29732,0.25533,0.039389,0.04198999999999997,-0.0026009999999999714
0.4,7,99999,c=0.400000_gamma=0.100000_rho=0.000000_alpha=0.000000_repeat_7_timeseries.csv,0.270933,0.223951,0.779676,1.1027,0.95135,0.292999,0.258351,0.0321869,0.03464800000000001,-0.0024611000000000147
0.4,8,99999,c=0.400000_gamma=0.100000_rho=0.000000_alpha=0.000000_repeat_8_timeseries.csv,0.271933,0.225889,0.850125,1.1082,0.9541,0.293947,0.260153,0.0315451,0.03379399999999999,-0.002248899999999991
0.4,9,99999,c=0.400000_gamma=0.100000_rho=0.000000_alpha=0.000000_repeat_9_timeseries.csv,0.273155,0.226715,0.805129,1.1209,0.96045,0.297072,0.263378,0.0316942,0.033694,-0.001999800000000003
0.4,10,99999,c=0.400000_gamma=0.100000_rho=0.000000_alpha=0.000000_repeat_10_timeseries.csv,0.273812,0.224565,0.76904,1.1328,0.9664,0.301043,0.265357,0.0341803,0.035685999999999996,-0.0015056999999999987
0.4,11,99999,c=0.400000_gamma=0.100000_rho=0.000000_alpha=0.000000_repeat_11_timeseries.csv,0.267284,0.218132,0.850378,1.1225,0.96125,0.303817,0.257433,0.0444285,0.04638399999999998,-0.001955499999999978
0.4,12,99999,c=0.400000_gamma=0.100000_rho=0.000000_alpha=0.000000_repeat_12_timeseries.csv,0.268801,0.220789,0.797595,1.1216,0.9608,0.301885,0.258915,0.0412013,0.04297000000000001,-0.001768700000000005
0.4,13,99999,c=0.400000_gamma=0.100000_rho=0.000000_alpha=0.000000_repeat_13_timeseries.csv,0.272348,0.224494,0.802082,1.1015,0.95075,0.291208,0.259542,0.0308987,0.03166600000000003,-0.0007673000000000263
0.4,14,99999,c=0.400000_gamma=0.100000_rho=0.000000_alpha=0.000000_repeat_14_timeseries.csv,0.267741,0.218186,0.843817,1.1136,0.9568,0.299835,0.256965,0.0406893,0.04287000000000002,-0.0021807000000000215
0.4,15,99999,c=0.400000_gamma=0.100000_rho=0.000000_alpha=0.000000_repeat_15_timeseries.csv,0.270411,0.221851,0.842046,1.1201,0.96005,0.300023,0.260027,0.0380504,0.039995999999999976,-0.001945599999999978
0.4,16,99999,c=0.400000_gamma=0.100000_rho=0.000000_alpha=0.000000_repeat_16_timeseries.csv,0.268808,0.222378,0.839905,1.1138,0.9569,0.299004,0.257896,0.0383391,0.04110799999999998,-0.002768899999999977
0.4,17,99999,c=0.400000_gamma=0.100000_rho=0.000000_alpha=0.000000_repeat_17_timeseries.csv,0.269265,0.220999,0.848117,1.1136,0.9568,0.298071,0.258729,0.0365776,0.03934199999999999,-0.0027643999999999863
0.4,18,99999,c=0.400000_gamma=0.100000_rho=0.000000_alpha=0.000000_repeat_18_timeseries.csv,0.269565,0.218844,0.825621,1.117,0.9585,0.299787,0.258713,0.0378442,0.041074,-0.003229799999999998
0.4,19,99999,c=0.400000_gamma=0.100000_rho=0.000000_alpha=0.000000_repeat_19_timeseries.csv,0.265879,0.219161,0.888377,1.1166,0.9583,0.302749,0.255551,0.0447695,0.04719800000000002,-0.002428500000000021
