L,T,c,rho,gamma,alpha,repeats
100,100000,0,0,0.1,0,20
100,100000,0.05,0,0.1,0,20
100,100000,0.1,0,0.1,0,20
100,100000,0.15,0,0.1,0,20
100,100000,0.2,0,0.1,0,20
100,100000,0.25,0,0.1,0,20
100,100000,0.3,0,0.1,0,20
100,100000,0.35,0,0.1,0,20
100,100000,0.4,0,0.1,0,20
100,100000,0,0,0.1,6,20
100,100000,0.05,0,0.1,6,20
100,100000,0.1,0,0.1,6,20
100,100000,0.15,0,0.1,6,20
100,100000,0.2,0,0.1,6,20
100,100000,0.25,0,0.1,6,20
100,100000,0.3,0,0.1,6,20
100,100000,0.35,0,0.1,6,20
100,100000,0.4,0,0.1,6,20
